mysql> use chevaux;
Database changed

mysql> select * from personne;
+-------------+-----------+---------+------------+------------+---------------+--------------+
| id_personne | nom       | prenom  | adresse    | telephone  | fonction      | id_Encadrant |
+-------------+-----------+---------+------------+------------+---------------+--------------+
|           1 | el gouffi | othmane | izdihar    | 0665797462 | directeur     |         NULL |
|           2 | aitlhsen  | thami   | azli       | 0633562751 | éleveur       |            1 |
|           3 | radi      | youssef | azli       | 0635794767 | propriétaire  |            1 |
|           4 | skimi     | zayd    | azli       | 0635794767 | propriétaire  |            1 |
+-------------+-----------+---------+------------+------------+---------------+--------------+
4 rows in set (0.00 sec)

mysql> select * from cheval;
+-----------+------------+---------+-------------+-----------+---------+-------------+----------+
| id_cheval | nom_cheval | couleur | no_tatouage | id_female | id_male | id_personne | nom_race |
+-----------+------------+---------+-------------+-----------+---------+-------------+----------+
|         1 | aymane     | blue    |           1 |      NULL |    NULL |           2 | Arabian  |
|         2 | yasse      | red     |           2 |      NULL |    NULL |           2 | Arabian  |
|         3 | hmd        | red     |           3 |         2 |       1 |           2 | Pottok   |
+-----------+------------+---------+-------------+-----------+---------+-------------+----------+
3 rows in set (0.00 sec)

mysql> select * from race;
+----------+-----------+-------------+
| nom_race | poid_type | taille_type |
+----------+-----------+-------------+
| Arabian  | 500       | 1.85        |
| Pottok   | 375       | 1.52        |
+----------+-----------+-------------+
2 rows in set (0.00 sec)

mysql> select * from concours;
+--------------+-----------------+-----------+------------+
| nom_concours | No_participants | lieu      | annee      |
+--------------+-----------------+-----------+------------+
| ali belflah  |              60 | marrakech | 2022-01-01 |
+--------------+-----------------+-----------+------------+
1 row in set (0.00 sec)

mysql> select * from cheval_concours;
+-----------+--------------+-------+
| id_cheval | nom_concours | place |
+-----------+--------------+-------+
|         1 | ali belflah  |     5 |
+-----------+--------------+-------+
1 row in set (0.00 sec)

mysql> select * from croissance;
+---------------+------------+------+--------+-----------+
| id_croissance | mois       | poid | taille | id_cheval |
+---------------+------------+------+--------+-----------+
|             1 | 2023-03-31 |  600 |      2 |         1 |
+---------------+------------+------+--------+-----------+
1 row in set (0.00 sec)

mysql> select * from proprietiare;
+-------------+-----------+--------+------------+
| id_personne | id_cheval | prix   | date_achat |
+-------------+-----------+--------+------------+
|           3 |         1 | 100000 | 2023-03-31 |
+-------------+-----------+--------+------------+
1 row in set (0.00 sec)

mysql> select * from cheval
    -> where nom_race = 'Arabian'
    -> order by nom_cheval desc;
+-----------+------------+---------+-------------+-----------+---------+-------------+----------+
| id_cheval | nom_cheval | couleur | no_tatouage | id_female | id_male | id_personne | nom_race |
+-----------+------------+---------+-------------+-----------+---------+-------------+----------+
|         2 | yasse      | red     |           2 |      NULL |    NULL |           2 | Arabian  |
|         1 | youssef    | blue    |           1 |      NULL |    NULL |           2 | Arabian  |
+-----------+------------+---------+-------------+-----------+---------+-------------+----------+
2 rows in set (0.00 sec)


mysql> select nom_cheval,poid_type,taille_type from cheval
    -> join race
    -> where cheval.nom_race = race.nom_race and cheval.nom_race = 'Arabian';
+------------+-----------+-------------+
| nom_cheval | poid_type | taille_type |
+------------+-----------+-------------+
| youssef    | 500       | 1.85        |
| yasse      | 500       | 1.85        |
+------------+-----------+-------------+
2 rows in set (0.00 sec)

mysql> select * from proprietiare;
+-------------+-----------+--------+------------+
| id_personne | id_cheval | prix   | date_achat |
+-------------+-----------+--------+------------+
|           3 |         1 | 100000 | 2022-03-31 |
+-------------+-----------+--------+------------+
1 row in set (0.00 sec)

mysql> select * from personne
    -> where id_encadrant is null;
+-------------+-----------+--------+---------+------------+-----------+--------------+
| id_personne | nom       | prenom | adresse | telephone  | fonction  | id_Encadrant |
+-------------+-----------+--------+---------+------------+-----------+--------------+
|           1 | el gouffi | othmane| izdihar | 0665797462 | directeur |         NULL |
+-------------+-----------+--------+---------+------------+-----------+--------------+
1 row in set (0.00 sec)

mysql> insert into concours
    -> values('Persian Week',100,'Rabat','2019-05-25');
Query OK, 1 row affected (0.01 sec)

mysql> select * from concours
    -> where annee between '2019-01-01' and '2019-12-31';
+--------------+-----------------+-------+------------+
| nom_concours | No_participants | lieu  | annee      |
+--------------+-----------------+-------+------------+
| Persian Week |             100 | Rabat | 2019-05-25 |
+--------------+-----------------+-------+------------+
1 row in set (0.00 sec)

mysql>